touristname,gender,country,start_date,end_date
venu,m,Germany,2020-01-20,2020-02-10
venu,m,France,2020-02-10,2020-03-30
venu,m,england,2020-04-1,2020-04-25
srinu,m,usa,2020-10-20,2020-11-11
srinu,m,canada,2020-11-12,2020-11-20
prathima,f,pakistan,2020-10-20,2020-11-10
Alice,f,USA,2023-04-01,2023-04-10
Bob,m,Canada,2023-05-15,2023-06-05
Charlie,m,France,2023-07-10,2023-08-01
David,m,Spain,2023-09-01,2023-09-15
Emily,f,Germany,2023-10-01,2023-10-20
Fiona,f,Japan,2023-11-15,2023-12-05
George,m,China,2024-01-01,2024-01-15
Hannah,f,Italy,2024-02-01,2024-02-15
Isabelle,f,England,2024-03-01,2024-03-10
John,m,Australia,2024-04-01,2024-04-20
Samantha,f,Spain,2023-06-12,2023-06-25
Jared,m,Australia,2023-08-05,2023-08-30
Avery,f,Japan,2023-10-02,2023-10-15
Daniel,m,Canada,2023-09-18,2023-10-05
Emily,f,Italy,2023-11-01,2023-11-20
William,m,Mexico,2023-12-10,2023-12-28
Sophia,f,France,2024-01-05,2024-01-25
Isaac,m,Germany,2024-02-15,2024-03-10
Aria,f,New Zealand,2024-04-01,2024-04-15
Jacob,m,South Africa,2024-05-10,2024-06-05
John,m,Canada,2023-05-12,2023-06-01
Emily,f,Spain,2023-07-04,2023-07-20
Peter,m,France,2023-08-15,2023-09-05
Lisa,f,Italy,2023-10-01,2023-10-15
David,m,Germany,2023-11-02,2023-11-30
Sarah,f,USA,2024-02-10,2024-02-28
Michael,m,Japan,2024-03-15,2024-04-05
Karen,f,Australia,2024-05-20,2024-06-10
Mark,m,Brazil,2024-08-01,2024-08-20
Jennifer,f,Mexico,2024-11-12,2024-11-30
Hannah,f,Italy,2023-06-23,2023-07-02
David,m,Spain,2023-09-01,2023-09-18
Emily,f,Australia,2023-11-05,2023-11-20
Tom,m,Germany,2023-12-24,2024-01-02
Sophia,f,France,2024-02-08,2024-02-22
William,m,USA,2024-03-16,2024-03-31
Olivia,f,China,2024-05-11,2024-05-22
Ethan,m,Japan,2024-07-01,2024-07-15
Ava,f,Mexico,2024-08-21,2024-08-29
Jacob,m,United Kingdom,2024-10-18,2024-11-05
Mia,f,Russia,2025-01-12,2025-01-24
Noah,m,India,2025-03-05,2025-03-20
Isabella,f,Kenya,2025-04-29,2025-05-12
Liam,m,Brazil,2025-06-20,2025-07-05
Charlotte,f,Argentina,2025-08-16,2025-08-24
Michael,m,South Africa,2025-10-09,2025-10-20
Amelia,f,New Zealand,2025-12-01,2025-12-14
Benjamin,m,Ireland,2026-01-27,2026-02-06
Ella,f,Switzerland,2026-03-21,2026-04-01
Alexander,m,Canada,2026-05-14,2026-05-25
Grace,f,Italy,2026-06-30,2026-07-09
Daniel,m,Spain,2026-09-08,2026-09-23
Chloe,f,Australia,2026-11-02,2026-11-17
Matthew,m,Germany,2026-12-24,2027-01-04
Victoria,f,France,2027-02-07,2027-02-21
James,m,USA,2027-03-14,2027-03-28
Emma,f,China,2027-05-09,2027-05-21
William,m,Japan,2027-07-01,2027-07-13
Avery,f,Mexico,2027-08-20,2027-08-30
Ryan,m,United Kingdom,2027-10-17,2027-11-05
Abigail,f,Russia,2028-01-10,2028-01-23
Elijah,m,India,2028-03-04,2028-03-18
Sofia,f,Kenya,2028-04-28,2028-05-11
Daniel,m,Brazil,2028-06-19,2028-07-04
Madison,f,Argentina,2028-08-14,2028-08-23
Joseph,m,South Africa,2028-10-07,2028-10-18
Alice,f,Spain,2023-06-01,2023-06-15
Bob,m,France,2023-06-07,2023-06-14
Bob,m,Italy,2023-06-15,2023-06-30
Charlie,m,Canada,2023-06-10,2023-06-20
Charlie,m,USA,2023-06-20,2023-07-01
David,m,Germany,2023-06-01,2023-06-10
David,m,Switzerland,2023-06-11,2023-06-20
David,m,Austria,2023-06-20,2023-06-30
Emily,f,Japan,2023-06-01,2023-06-10
Frank,m,USA,2023-06-15,2023-06-30
Grace,f,Canada,2023-06-01,2023-06-10
Grace,f,Mexico,2023-06-10,2023-06-20
Hannah,f,Italy,2023-06-01,2023-06-15
Hannah,f,Spain,2023-06-15,2023-06-30
Isaac,m,France,2023-06-05,2023-06-20
Isaac,m,Germany,2023-06-20,2023-06-30
Julia,f,USA,2023-06-07,2023-06-14
Kate,f,Switzerland,2023-06-01,2023-06-15
Kate,f,France,2023-06-15,2023-06-30
Liam,m,Spain,2023-06-01,2023-06-10
Liam,m,Portugal,2023-06-10,2023-06-20
Liam,m,Italy,2023-06-20,2023-06-30
Mia,f,Canada,2023-06-01,2023-06-15
Nathan,m,USA,2023-06-01,2023-06-14
Nathan,m,Mexico,2023-06-15,2023-06-30
Olivia,f,France,2023-06-01,2023-06-10
Olivia,f,Spain,2023-06-10,2023-06-20
Olivia,f,Italy,2023-06-20,2023-06-30
Peter,m,Germany,2023-06-01,2023-06-15
Peter,m,Austria,2023-06-15,2023-06-30
Quinn,f,Italy,2023-06-05,2023-06-15
Quinn,f,France,2023-06-15,2023-06-25
Robert,m,Canada,2023-06-01,2023-06-10
Robert,m,USA,2023-06-10,2023-06-20
Robert,m,Mexico,2023-06-20,2023-06-30
Samantha,f,Spain,2023-06-01,2023-06-15
Samantha,f,Portugal,2023-06-15,2023-06-30
David,m,Canada,2021-05-01,2021-05-15
David,m,Italy,2021-05-15,2021-06-05
David,m,Spain,2021-06-05,2021-06-30
David,m,France,2021-07-01,2021-07-20
David,m,Germany,2021-07-20,2021-08-10
Sophie,f,USA,2021-06-01,2021-06-15
Sophie,f,Canada,2021-06-15,2021-07-05
Sophie,f,Italy,2021-07-05,2021-07-25
Sophie,f,Spain,2021-07-25,2021-08-10
Sophie,f,France,2021-08-10,2021-08-30
Hiroshi,m,Japan,2021-08-01,2021-08-10
Hiroshi,m,South Korea,2021-08-10,2021-08-20
Hiroshi,m,China,2021-08-20,2021-09-05
Hiroshi,m,Thailand,2021-09-05,2021-09-20
Hiroshi,m,Malaysia,2021-09-20,2021-10-05
Lena,f,Germany,2021-07-01,2021-07-15
Lena,f,France,2021-07-15,2021-08-05
Lena,f,Italy,2021-08-05,2021-08-25
Lena,f,Spain,2021-08-25,2021-09-10
Lena,f,USA,2021-09-10,2021-09-30
Lena,f,Canada,2021-09-30,2021-10-15
Mark,m,USA,2021-06-01,2021-06-20
Mark,m,Canada,2021-06-20,2021-07-10
Mark,m,Mexico,2021-07-10,2021-08-05
Mark,m,Colombia,2021-08-05,2021-08-25
Mark,m,Brazil,2021-08-25,2021-09-10
Mark,m,Argentina,2021-09-10,2021-09-30
Mark,m,Chile,2021-09-30,2021-10-15
Tina,f,France,2021-05-01,2021-05-20
Tina,f,Italy,2021-05-20,2021-06-10
Tina,f,Spain,2021-06-10,2021-07-05
Tina,f,Portugal,2021-07-05,2021-07-20
Tina,f,Germany,2021-07-20,2021-08-10
Tina,f,Switzerland,2021-08-10,2021-08-25
Tina,f,Austria,2021-08-25,2021-09-10
Tina,f,Czech Republic,2021-09-10,2021-09-30
Tina,f,Poland,2021-09-20,2021-10-20
Adam,m,France,2023-08-08,2023-08-16
Adam,m,Italy,2023-08-16,2023-08-24
Adriana,f,Spain,2023-05-01,2023-05-08
Adriana,f,Portugal,2023-05-08,2023-05-14
Adriana,f,France,2023-05-14,2023-05-22
Alex,m,Canada,2023-06-01,2023-06-08
Alex,m,Mexico,2023-06-08,2023-06-15
Alex,m,Brazil,2023-06-15,2023-06-22
Alicia,f,Italy,2023-09-01,2023-09-10
Alicia,f,France,2023-09-10,2023-09-20
Alicia,f,Spain,2023-09-20,2023-09-30
Andrew,m,Japan,2023-04-01,2023-04-08
Andrew,m,China,2023-04-08,2023-04-15
Anna,f,Germany,2023-05-01,2023-05-10
Anna,f,Switzerland,2023-05-10,2023-05-20
Anna,f,Austria,2023-05-20,2023-05-30
Ben,m,Spain,2023-07-01,2023-07-08
Ben,m,France,2023-07-08,2023-07-15
Carla,f,Brazil,2023-10-01,2023-10-08
Carla,f,Argentina,2023-10-08,2023-10-15
Carla,f,Chile,2023-10-15,2023-10-22
Chris,m,USA,2023-06-01,2023-06-10
Chris,m,Canada,2023-06-10,2023-06-18
David,m,France,2023-08-01,2023-08-07
David,m,Spain,2023-08-07,2023-08-13
David,m,Italy,2023-08-13,2023-08-19
Elena,f,Italy,2023-05-01,2023-05-05
Elena,f,Spain,2023-05-05,2023-05-10
Emma,f,Japan,2023-09-01,2023-09-08
Emma,f,Korea,2023-09-08,2023-09-15
Emma,f,China,2023-09-15,2023-09-22
Gina,f,USA,2023-07-01,2023-07-08
Gina,f,Canada,2023-07-08,2023-07-15
Gina,f,Mexico,2023-07-15,2023-07-22
Jake,m,Spain,2023-06-01,2023-06-08
Jake,m,Portugal,2023-06-08,2023-06-15
Katie,f,France,2023-08-01,2023-08-10